{
  "G2": 0.11844475465027163,
  "G1": 0.07342635626220184,
  "failures": 0.016636050905903685,
  "goout": 0.015265071265650717,
  "Walc": 0.014070891513980992,
  "Medu": 0.010913088957320476,
  "absences": 0.010595395064755663,
  "health": 0.006980070360654819,
  "Dalc": 0.0056601401213475944,
  "studytime": 0.005083800842693556,
  "freetime": 0.0036145175907470084,
  "Fedu": 0.0026273515714519617,
  "internet": 0.0025473559999076804,
  "higher": 0.002093266992793978
}